Deck	Title	HP	Keywords	Game Text	Flavor Text	Attribution	Qty	Set	Decks: 12
Absolute Zero	Cold Snap	-	One-Shot	Absolute Zero deals himself 3 fire damage. Absolute Zero deals each non-Hero target 1 cold damage.	"Looks like you should have flown south for the winter!"	Absolute Zero, Freedom Five #100	2	Core Game	Absolute Zero
Absolute Zero	Conductive Installation	-	One-Shot	Draw 1 card. Collect 1 Item card. You may play 1 card.	"It's a nice change of pace to not be slamming this thing together in a rush."	Absolute Zero, Freedom Five Annual #8	4	Core Game	Absolute Zero
Absolute Zero	Coolant Blast	-	Ongoing, Limited	POWER: Absolute Zero deals 1 non-Hero target X cold damage, where X is the amount of fire damage dealt to Absolute Zero this turn.	"Once in a while, you just gotta improvise!"	Absolute Zero, The Ice-Man Cometh #3	2	Core Game	Absolute Zero
Absolute Zero	Cryo-Field Projector	-	Item, Limited	+1 to cold damage dealt to Absolute Zero. -1 to fire damage dealt to Absolute Zero. START PHASE Absolute Zero deals himself 3 fixed fire damage. Destroy this card.	"It's not quite home frigid home, but it'll do in a pinch."	Absolute Zero, Justice Comics #597	2	Core Game	Absolute Zero
Absolute Zero	Desperate Deployment	-	One-Shot	Summon 1 Item card. Absolute Zero deals himself 1 fire damage and 1 cold damage.	"You are incomplete. Feeble without your suit. In chasing your humanity, you have lost your identity."	Schema, Freedom Five #640	4	Core Game	Absolute Zero
Absolute Zero	Focused Apertures	-	Item, Limited	+1 to cold damage dealt by Absolute Zero.	"I was hesitant when you said 'new and improved', but I can appreciate this level of precision."	Bunker, Freedom Five Annual #13	2	Core Game	Absolute Zero
Absolute Zero	Frost-Bound Drain	-	One-Shot	Absolute Zero deals 1 non-Hero target 3 cold damage. Absolute Zero deals himself 3 fire damage.	"Too cold? Welcome to my life."	Absolute Zero, The Ice-Man Cometh #6	2	Core Game	Absolute Zero
Absolute Zero	Fueled Freeze	-	One-Shot	Destroy up to 3 Ongoing cards. Absolute Zero deals X targets 3 cold damage, where X is the number of Ongoing cards destroyed by this card.	"I'm genuinely having a bad time here. Just trying to spread the misery around."	Absolute Zero, Freedom Five #249	2	Core Game	Absolute Zero
Absolute Zero	High-Yield Coolant Tanks	-	Item, Limited	END PHASE Either use 1 power or draw 1 card.	"This new super-chilled coolant will cut your upper temperature ceiling by about a hundred degrees!"	Tachyon, Science & Progress One-Shot	2	Core Game	Absolute Zero
Absolute Zero	Hoarfire	-	One-Shot	Absolute Zero deals 1 target 2 cold damage. Absolute Zero deals 1 different target 2 fire damage. Absolute Zero deals himself 1 cold damage and 1 fire damage.	"Yeah, it's too damn hot, but it's a change of pace from being cold all the time. This'll eventually kill me, but I'm not going alone!"	Absolute Zero, Tome of the Bizarre Vol. 3 #13	3	Core Game	Absolute Zero
Absolute Zero	Ice Shield	-	Ongoing	After this card is played, select 1 target. That target is immune to damage. When this card is destroyed, you may draw 1 card and play 1 card. START PHASE Destroy this card.	"You saved a lot of lives today. I know we haven't always seen eye to eye, but you're an absolute hero in my book."	Legacy, America's Finest Legacy #190	2	Core Game	Absolute Zero
Absolute Zero	Isothermic Transducer	-	Item, Limited	After this card is played, you may play 1 card. After Absolute Zero is dealt fire damage, Absolute Zero deals 1 target that much cold damage.	"It flies in the face of the laws of thermodynamics, but I cannot argue -- fire does get all weird around you!"	Tachyon, Freedom Four Annual #7	3	Core Game	Absolute Zero
Absolute Zero	Modular Repair	-	One-Shot	Salvage 1 Item card. You may play 1 card. Absolute Zero deals himself 1 fire damage and 1 cold damage.	"Doc's not gonna love it, but it's this or burn!"	Absolute Zero, Freedom Five #392	3	Core Game	Absolute Zero
Absolute Zero	Null-Point Calibration Unit	-	Item, Limited	After this card is played, you may play 1 card. Whenever Absolute Zero would be dealt cold damage, he regains that much HP instead.	"Cold is all a matter of perspective."	Absolute Zero, Freedom Five #161	3	Core Game	Absolute Zero
Absolute Zero	Still Life	-	Ongoing	After this card is played, select 1 target. That target cannot deal damage. When this card is destroyed, you may draw 1 card and play 1 card. START PHASE Destroy this card.	"Sure, it's not my best work, but you gotta work with what you've got. I'm no Michelangelo over here."	Absolute Zero, Justice Comics #523	2	Core Game	Absolute Zero
Absolute Zero	Thermal Shockwave	-	Ongoing, Limited	POWER: Absolute Zero deals up to 3 targets 1 cold damage each. Then, Absolute Zero deals himself X fire damage, where X is the amount of cold damage dealt by Absolute Zero this turn.	"What's the matter? You boys got cold feet?"	The Wraith, Moonfall #4	2	Core Game	Absolute Zero
The Argent Adept	Akpunku's Drum	-	Item, Instrument	POWER: Activate the ACCOMPANY of 1 Rhythm card. Then, activate the PERFORM of 1 Rhythm card.	"How can this mere mortal counter my despair?!"	Gloomweaver, Nightmist #21	1	Core Game	Argent Adept, The
The Argent Adept	Alacritous Subdominant	-	Ongoing, Harmony	PERFORM 1 Hero may play 1 card. ACCOMPANY You may use 1 power. If you do, put this card on the top of your deck.	"I feel the timbre of your verse flowing through me, shaping this construct like nothing I've ever manifested before!"	Captain Cosmic, Prime Wardens Vol. 1 #116	2	Core Game	Argent Adept, The
The Argent Adept	Arcane Cadence	-	One-Shot	Reveal the top 5 cards of your deck. Draw 1 of them, replace 1, discard 1, bury 1, and play 1.	"I am pulled by magical forces beyond the knowledge of man. Nature, Void, blood... all are my domain!"	The Argent Adept, Virtuoso of the Void Vol. 2 #65	3	Core Game	Argent Adept, The
The Argent Adept	Cedistic Dissonant	-	Ongoing, Harmony	PERFORM Destroy 1 Instrument card. If you do, you may destroy 1 non-character card. ACCOMPANY 1 ally may play 1 card.	"Power for power. Be no more."	The Argent Adept, Nightmist #61	2	Core Game	Argent Adept, The
The Argent Adept	Counterpoint Bulwark	-	Ongoing, Rhythm	PERFORM Select up to 3 targets. Until your START PHASE, -1 damage dealt to those targets. ACCOMPANY Up to 3 Heroes may draw 1 card each.	"She seeks to be your undoing on an ethereal level. Hold fast. You can overcome this curse."	The Argent Adept, Mystery Comics Vol. 2 #302	2	Core Game	Argent Adept, The
The Argent Adept	Drake's Pipes	-	Item, Instrument	POWER: Activate the PERFORM of 1 Melody card. Then, activate the PERFORM of 1 other card.	"With the creation of my own instrument, I become the latest in the line of Virtuosos of the Void: the Argent Adept!"	Anthony Drake, Toll of Destiny #5	1	Core Game	Argent Adept, The
The Argent Adept	Eydisar's Horn	-	Item, Instrument	POWER: Activate the PERFORM of 1 Melody card. Then, activate 1 ACCOMPANY.	"Come forth! Halt your battles in Valhalla and stand strong against these forces of evil!"	The Argent Adept, Absolution #9	1	Core Game	Argent Adept, The
The Argent Adept	Inspiring Supertonic	-	Ongoing, Harmony	PERFORM 1 Hero may use 1 power. ACCOMPANY The Argent Adept regains 2 HP.	"Sing more power into my storm, musical magician! That dread titan won't be able to weather such an onslaught."	Tempest, Prime Wardens Vol. 2 #38	2	Core Game	Argent Adept, The
The Argent Adept	Instrumental Conjuration	-	One-Shot	Summon 1 Instrument card. You may play 1 card.	"Virtuosos of the ages, lend me your strength!"	The Argent Adept, Virtuoso of the Void Vol. 1 #145	4	Core Game	Argent Adept, The
The Argent Adept	Inventive Preparation	-	Ongoing, Rhythm	PERFORM Each Hero reveals the top card of their deck, then replaces it or discards it. Then, 1 Hero may draw 2 cards. ACCOMPANY Discover 1 Ongoing card.	"I hear, I see now. My faith is my strength, but my faith need not endure in solitude. My friends, too, give me strength."	Fanatic, Fanatic Vol. 2 #115	2	Core Game	Argent Adept, The
The Argent Adept	Musaragni's Harp	-	Item, Instrument	POWER: Activate the PERFORM of 1 Harmony card. Then, activate the ACCOMPANY of 1 Harmony card.	"Its strings can play as quietly as a mouse, or as loud as a lion!"	The Argent Adept, Toll of Destiny #2	1	Core Game	Argent Adept, The
The Argent Adept	Polyphonic Flare	-	One-Shot	The Argent Adept deals himself 2 fixed energy damage. Either use 1 power or draw 2 cards.	"So long as your essence persists in any realm, you shall never be free of me!"	Bal'Teranerach, Virtuoso of the Void Vol. 2 #100	3	Core Game	Argent Adept, The
The Argent Adept	Rhapsody of Vigor	-	Ongoing, Melody	PERFORM Up to 5 targets regain 2 HP each.	"Prepare yourselves. The worst is yet to come."	The Argent Adept, Prime Wardens Vol. 1 #1	2	Core Game	Argent Adept, The
The Argent Adept	Sarabande of Destruction	-	Ongoing, Melody	PERFORM Destroy 1 Ongoing card or 1 target with 2 or fewer HP.	"You cannot return! Your base machinations shall fail!"	The Argent Adept, Virtuoso of the Void Vol. 1 #152	2	Core Game	Argent Adept, The
The Argent Adept	Scherzo of Frost and Flame	-	Ongoing, Melody	PERFORM The Argent Adept deals 1 target 2 cold damage. Then, The Argent Adept may deal 1 different target 2 fire damage.	"A touch of the elements to keep foes at bay."	The Argent Adept, Prime Wardens Vol. 2 #17	2	Core Game	Argent Adept, The
The Argent Adept	Silver Shadow	-	One-Shot	Activate 1 ACCOMPANY. You may either draw 1 card or play 1 card.	"Music of the Void, course through my lungs and give life to my refrain! I sing you into creation!"	The Argent Adept, Virtuoso of the Void Vol. 2 #38	3	Core Game	Argent Adept, The
The Argent Adept	Syncopated Onslaught	-	Ongoing, Rhythm	PERFORM Select up to 3 targets. Until your START PHASE, +1 damage dealt by those targets. ACCOMPANY The Argent Adept deals 1 target 1 irreducible sonic damage.	"Ah! It is good to do a haka with such fine accompaniment!"	Haka, The Savage Haka #242	2	Core Game	Argent Adept, The
The Argent Adept	Telamon's Lyra	-	Item, Instrument	POWER: Either activate the PERFORM of 1 Harmony card and activate the ACCOMPANY of 1 Rhythm card, or activate the PERFORM of 1 Rhythm card and activate the ACCOMPANY of 1 Harmony card.	"Back! Begone! I know not how I brought you into this world, but I shall surely send you from it!"	Anthony Drake, Toll of Destiny #3	1	Core Game	Argent Adept, The
The Argent Adept	Vernal Sonata	-	One-Shot	Each Hero target regains 1 HP. Each Hero may put 1 card from their trash on top of their deck.	"Don't get too comfortable. We're not out of the woods yet."	The Argent Adept, Prime Wardens Vol. 2 #29	3	Core Game	Argent Adept, The
The Argent Adept	Xu's Bell	-	Item, Instrument	POWER: Either activate 1 PERFORM or activate the ACCOMPANY of up to 2 different cards.	"Hey, you can't touch that! It's a priceless artifact!"	Dr. Blake Washington, Jr., Toll of Destiny #1	1	Core Game	Argent Adept, The
Bunker	Adhesive Foam Grenade	-	Ongoing	Environment cards cannot be played. START PHASE Destroy this card.	"I was worried when you took a shot at Lady Liberty, soldier, but good work saving the day!"	Legacy, Freedom Four #94	3	Core Game	Bunker
Bunker	Emergency Shielding	-	Item, Limited	When this card is destroyed, Bunker regains 2 HP. REACTION: -2 to the damage Bunker would be dealt. Then, if Bunker is still dealt damage, destroy this card.	"We've got some new damage reduction protocols for you. Could be literally life saving. Can't go losing my best soldier, now can I?"	General Armstrong, Justice Comics #452	3	Core Game	Bunker
Bunker	Expendable Power Bank	-	Item, Limited	PLAY PHASE You may put 1 card from your trash under 1 Ordnance card in play. If you do, put this card under 1 Ordnance card in play. END PHASE Put the top card of your deck under 1 Ordnance card in play.	"Sure, it's a bit of a weak point, but the other alternative is fewer bells and whistles, and we can't have that!"	Bunker, Freedom Five #410	4	Core Game	Bunker
Bunker	Flak Cannon	-	Item, Ordnance, Limited	POWER: Destroy up to 2 cards under this card. Each time you destroy 1 card this way, Bunker deals 1 target 3 projectile damage. START PHASE Put the top card of your deck under this card.	"Not going to climb out of your fancy tin can and give your old squadmate a hug? What, am I below your station?"	Fright Train, Freedom Five #463	2	Core Game	Bunker
Bunker	Gatling Gun	-	Item, Ordnance, Limited	START PHASE Put the top card of your deck under this card. END PHASE Destroy up to 3 cards under this card. Each time you destroy 1 card this way, Bunker deals 1 target 1 projectile damage.	"I provide my own suppressive fire."	Bunker, One Man Army One-Shot	2	Core Game	Bunker
Bunker	Grenade Launcher	-	Item, Ordnance, Limited	POWER: Destroy up to 2 cards under this card. Each time you destroy 1 card this way, Bunker deals 3 targets 2 fire damage each. START PHASE Put the top card of your deck under this card.	"Not letting me draw a bead on you? That's a smart idea, provided I don't have any explosives."	Bunker, Indestructible Bunker #29	2	Core Game	Bunker
Bunker	LIDAR Intel	-	Ongoing	After any non-Hero target is played, you may draw 1 card. POWER: Reveal and replace the top card of 1 deck. Draw 1 card.	"You think you're sneaky, dontcha? I see you..."	Bunker, Justice Comics #617	2	Core Game	Bunker
Bunker	Mounted AP Gun	-	Item, Ordnance, Limited	POWER: Destroy 2 cards under this card. If you do, Bunker deals 1 target 6 irreducible projectile damage. START PHASE Put the top card of your deck under this card.	"Stop all your fretting. They're not getting away."	Bunker, Indestructible Bunker #154	2	Core Game	Bunker
Bunker	Omni-Cannon	-	Item, Ordnance	POWER: Destroy all cards under this card. Bunker deals 1 target X energy damage, where X is the number of cards destroyed this way times 2. START PHASE Put the top card of your deck under this card.	"Scrambling antimatter particles in a graviton launcher controls and directs a steady stream of hyper-excited leptons. Translation: Big gun go boom."	Tachyon, Freedom Five #571	1	Core Game	Bunker
Bunker	Piston Punch	-	One-Shot	Bunker deals 1 target 3 melee damage. If that damage destroys a target, put this card under 1 Ordnance card in play.	"Ooh, look at the big army man and his fancy suit built for combat instead of just making sure he doesn't die."	Absolute Zero, Freedom Five #323	4	Core Game	Bunker
Bunker	Recharge Mode	-	Ongoing, Mode, Limited	You cannot use powers. START PHASE Destroy this card. DRAW PHASE You may draw 4 additional cards. END PHASE Put any number of cards from hand under any Ordnance cards in play.	"It's a fine plan, and I'm all for it. But I'm going to need a lot more power."	Bunker, Freedom Five #369	4	Core Game	Bunker
Bunker	Tactical Command	-	One-Shot	1 ally uses 1 power. Damage dealt by that ally with that power is irreducible.	"He doesn't often speak up, but when he does, it's well worth listening."	The Wraith, Freedom Five Annual #13	3	Core Game	Bunker
Bunker	Turret Mode	-	Ongoing, Mode, Limited	+1 damage dealt by Bunker. START PHASE Destroy this card. POWER PHASE You may use 2 additional powers this phase.	BUDDABUDDABUDDABUDDABUDDABUDDA BUDDABUDDABUDDABUDDABUDDABUDDA BUDDABUDDABUDDABUDDABUDDABUDDA BUDDABUDDABUDDABUDDABUDDABUDDA BUDDABUDDABUDDABUDDABUDDABUDDA BUDDABUDDABUDDABUDDABUDDABUDDA	BUDDABUDDABUDDA	4	Core Game	Bunker
Bunker	Upgrade Mode	-	Ongoing, Mode, Limited	After this card is played, summon 1 Item card. You cannot use powers. START PHASE Destroy this card. END PHASE Play up to 2 cards.	"No, it's not like driving a car. OK, it's like driving a car blindfolded with shoes on your hands and also you're late."	Bunker, Freedom Five #370	4	Core Game	Bunker
Captain Cosmic	Augmented Ally	4	Construct	Play this card next to a Hero character. POWER PHASE This Hero may discard 1 card. If they do, they may use 1 additional power this phase.	"I am used to fighting with you, my friend, but not with me as well!"	Haka, Prime Wardens Vol. 1 #74	3	Core Game	Captain Cosmic
Captain Cosmic	Autonomous Blade	4	Construct	Play this card next to a Hero target. After that target deals damage for the first time each turn, this card deals 1 target 2 energy damage.	"Stand and fight or give up now! You cannot escape justice."	Captain Cosmic, Prime Wardens Vol. 2 #39	3	Core Game	Captain Cosmic
Captain Cosmic	Conservation of Energy	-	Ongoing	After any Construct card is destroyed, you may draw 1 card. START PHASE You may play 1 Construct card from your trash. If you do, destroy this card.	"Your command over the energy... the stability of your creations... I make up the difference with raw power!"	Infinitor, Conflux #2	3	Core Game	Captain Cosmic
Captain Cosmic	Construct Cataclysm	-	One-Shot	Destroy any number of Construct cards. Captain Cosmic either deals 1 target X irreducible energy damage, or deals up to X targets 3 energy damage each, where X is the number of Construct cards in your trash.	"Er, heads up, chaps. Getting a little extra showy here."	Captain Cosmic, Cosmic Tales Vol. 2 #431	2	Core Game	Captain Cosmic
Captain Cosmic	Cosmic Crest	4	Construct, Limited	-1 damage dealt to Captain Cosmic. POWER: Play or discover 1 Construct card.	"Who put me in charge? No one. But someone must stand for the world."	Captain Cosmic, Prime Wardens Vol. 1 #116	2	Core Game	Captain Cosmic
Captain Cosmic	Cosmic Weapon	4	Construct	Play this card next to a Hero character. They gain this power: POWER: This Hero deals 1 target 3 energy damage.	"This temporary blade will last longer than the foes we face!"	Fanatic, Prime Wardens Vol. 2 #58	3	Core Game	Captain Cosmic
Captain Cosmic	Destructive Response	-	Ongoing, Limited	After any Construct card is destroyed, Captain Cosmic deals up to 3 targets 1 energy damage each.	"Certainly are a lot of you... well, come and get me."	Captain Cosmic, Cosmic Tales Vol. 2 #232	2	Core Game	Captain Cosmic
Captain Cosmic	Dynamic Siphon	4	Construct	Play this card next to a Hero character. They gain this reaction: REACTION: Use 1 power.	"A duet? We will play the anthems of the heavens!"	The Argent Adept, Prime Wardens Vol. 1 #39	3	Core Game	Captain Cosmic
Captain Cosmic	Energy Bracer	4	Construct	Play this card next to a Hero target. -1 damage dealt to that Hero target.	"I will not fight for their homeworld, but I will fight for the good of the galaxy."	Tempest, Thorathian War One-Shot	3	Core Game	Captain Cosmic
Captain Cosmic	Harsh Offense	-	One-Shot	Captain Cosmic deals 1 target 3 energy damage. If that target is still in play, draw 2 cards.	"You bring out the worst in me. I shall return the favor."	Captain Cosmic, Cosmic Tales Vol. 2 #36	3	Core Game	Captain Cosmic
Captain Cosmic	Heart of Gold	-	Ongoing, Limited	POWER: Discard up to 3 cards. 1 Hero draws up to X cards. You may play up to X Construct cards. X is the number of cards you discarded this phase.	"I just really need someone to help me here. There has to be some justice in the galaxy, right?"	Galactra, Cosmic Tales Vol. 1 #180	2	Core Game	Captain Cosmic
Captain Cosmic	Potent Disruption	-	One-Shot	Destroy 1 Construct card. If you do, Captain Cosmic deals 1 target 5 irreducible energy damage.	"You foolish Earthling! You will fall before the might of EYEYYEYYEAYEYAYAEERRGHH!!"	Empyreon, Cosmic Concurrence #15	2	Core Game	Captain Cosmic
Captain Cosmic	Unflagging Animation	-	Ongoing, Limited	-1 damage dealt to Construct cards. START PHASE Either discard 1 card or destroy this card. END PHASE The Construct card with the lowest HP regains 2 HP.	"I know little of your people, but I understand fear, and innocent lives in danger. I will keep you safe. I swear it."	Captain Cosmic, Prime Wardens Vol. 2 #27	3	Core Game	Captain Cosmic
Captain Cosmic	Vitality Conduit	4	Construct	Play this card next to a Hero target. START PHASE That target regains 2 HP.	"Careful, m'dear! I know you're quite capable, but that fellow looks rather intent on your destruction!"	Captain Cosmic, Cosmic Concurrence #7	3	Core Game	Captain Cosmic
Captain Cosmic	Wounding Buffer	4	Construct	Play this card next to a Hero character. They gain this reaction: REACTION: This card deals the attacker 3 energy damage.	"Order! Order! I demand you stop all this nonsense at once! I was attempting to have a real trial here!"	Judge Mental, Justice Comics #543	3	Core Game	Captain Cosmic
Fanatic	Absolution	-	Item, Relic, Limited	POWER: Fanatic deals 1 target 3 melee damage. Then, if Fanatic is at 10 or fewer HP, Fanatic deals 1 target 2 fire damage and 2 radiant damage.	"Absolution you are called, and absolution you shall deliver."	Fanatic, Absolution #1	2	Core Game	Fanatic
Fanatic	Aegis of Resurrection	-	Item, Relic, Limited	When Fanatic would be reduced to 0 HP, prevent that damage and destroy this card. When this card is destroyed, Fanatic regains 10 HP.	"No mere mortal wound can destroy the form of God's chosen."	Fanatic, Absolution #10	2	Core Game	Fanatic
Fanatic	Anoint Allies	-	Ongoing	+1 damage dealt by your allies. If Fanatic has 10 or fewer HP, +1 damage dealt by Fanatic. START PHASE Either destroy this card or Fanatic deals herself 3 fixed psychic damage.	"The faith practices of you humans are so unlike those of Maerynians, yet I still appreciate your blessing."	Tempest, Prime Wardens Vol. 1 #87	2	Core Game	Fanatic
Fanatic	Brutal Censure	-	Ongoing	After this card is played, select a non-character target. That card has no game text. START PHASE Either destroy this card or Fanatic deals herself 3 fixed psychic damage.	"Know the error of thine ways."	Fanatic, Absolution #6	2	Core Game	Fanatic
Fanatic	Consecrated Ground	-	One-Shot	Destroy 1 Ongoing card. Fanatic deals up to 3 targets 1 radiant damage each.	"Your dark rituals have no sway in this holy place."	Fanatic, Fanatic Vol. 1 #5	3	Core Game	Fanatic
Fanatic	Divine Sacrifice	-	One-Shot	Fanatic deals herself up to 3 radiant damage. Fanatic deals X targets 3 radiant damage each, where X is the amount of damage dealt to Fanatic this turn.	"Face me and tremble!"	Fanatic, Mystery Comics Vol. 2 #369	2	Core Game	Fanatic
Fanatic	End of Days	-	Ongoing	START PHASE Destroy all cards other than this card, character cards, and Relic cards. Then, destroy this card.	"The blight upon this land be cleansed!"	Fanatic, Absolution #9	2	Core Game	Fanatic
Fanatic	Final Dive	-	One-Shot	Destroy 1 non-character target with 4 or fewer HP. Fanatic deals 1 target X projectile damage, where X is the destroyed target's HP before it was destroyed.	"Meet thy maker."	Fanatic, Tome of the Bizarre Vol. 3 #9	3	Core Game	Fanatic
Fanatic	Holy Nova	-	One-Shot	Fanatic deals each non-Hero target 1 radiant damage. Each Hero target regains 1 HP. Then, if Fanatic has 10 or fewer HP, Fanatic deals up to 3 targets 2 radiant damage each.	"You can hide in the sun 'til you see the light."	Apostate, Mystery Comics Vol. 2 #366	3	Core Game	Fanatic
Fanatic	Prayer of Desperation	-	One-Shot	Reveal the top 4 cards of your deck. Put any Item or Ongoing cards revealed this way in your hand. Discard the other revealed cards. Then, if Fanatic has 10 or fewer HP, play up to 2 cards.	"Let this not be the last breath your servant draws."	Fanatic, Prime Wardens Vol. 1 #152	4	Core Game	Fanatic
Fanatic	Righteous Rebuke	-	Ongoing, Limited	POWER: Fanatic deals 1 target 2 radiant damage. Then, if Fanatic has 10 or fewer HP, Fanatic deals up to 3 targets 2 radiant damage each and regains 2 HP.	"The prayers and rituals of believer have ne'er wracked my body with such pain before!"	Blood Countess, Fanatic Vol. 1 #9	2	Core Game	Fanatic
Fanatic	Rosary of the Mysteries	-	Item, Relic, Limited	POWER: Shuffle your trash into your deck. Discard 5 cards. Draw 5 cards. Then, if Fanatic has 10 or fewer HP, Fanatic regains up to 5 HP.	"Ah! Connecting to a spiritual realm using an artifact of power! Not much of a musical instrument though."	The Argent Adept, Prime Wardens Vol. 1 #129	2	Core Game	Fanatic
Fanatic	Sacrosanct Martyr	-	Ongoing, Limited	POWER: Fanatic deals herself up to 3 radiant damage. Fanatic deals 1 target X radiant damage, where X is the amount of damage dealt to Fanatic this turn.	"What you call a sacrifice, I consider a necessity."	Fanatic, Mystery Comics Vol. 1 #338	2	Core Game	Fanatic
Fanatic	Sanctifying Strike	-	One-Shot	Fanatic deals 1 target 2 melee damage. Draw 1 card. Fanatic regains 2 HP.	"The evil influence of this man has been lessened. The wounds he caused can begin to heal."	Haka, Prime Wardens Vol. 1 #179	3	Core Game	Fanatic
Fanatic	Smite the Transgressor	-	One-Shot	Fanatic deals 1 target 2 melee damage. Then, if Fanatic has 10 or fewer HP, use up to 2 powers.	"I am usually one to call for restraint, but now is hardly one of those times."	Captain Cosmic, Prime Wardens Vol. 2 #58	3	Core Game	Fanatic
Fanatic	Undaunted	-	Ongoing, Limited	Whenever exactly 1 damage would be dealt to Fanatic, -1 to that damage. If Fanatic has 10 or fewer HP and would be dealt 5 or more damage, -3 to that damage.	"You took on nine gods by yourself. Will you not even take a moment to rest?!"	Ra, Baptism By Fire #5	2	Core Game	Fanatic
Fanatic	Wrathful Retribution	-	Ongoing	START PHASE Fanatic deals 1 target X radiant damage, where X is Fanatic's maximum HP minus her current HP. Then, bury this card.	"You have been judged and found sorely wanting. Perish!"	Fanatic, Absolution #10	1	Core Game	Fanatic
Haka	Dance in the Fray	-	Ongoing, Limited	After any of your Ongoing cards are destroyed, Haka deals 1 target 2 melee damage. POWER: Draw 1 card. Play 1 card.	"His boundless energy... almost as if he draws strength and vitality from beyond his own realm."	La Capitan, The Savage Haka #268	3	Core Game	Haka
Haka	Haka of Battle	-	Ongoing, Haka	+1 damage dealt by Haka. START PHASE Discard any number of cards. Haka deals 1 target X melee damage, where X is the number of cards discarded this way plus 2. Then, destroy this card.	"Ka mate ka mate! Ka ora' ka ora'! Ka mate ka mate! Ka ora' ka ora'!"	Haka, Prime Wardens Vol. 1 #97	4	Core Game	Haka
Haka	Haka of Frenzy	-	Ongoing, Haka	Damage dealt by Haka is irreducible. START PHASE Discard any number of cards. Haka deals X targets 3 melee damage each, where X is the number of cards discarded this way plus 1. Then, destroy this card.	"Some prepare for battle in quiet contemplation or prayer. Aata finds his strength in exultant expression."	Tempest, Prime Wardens Vol. 1 #1	4	Core Game	Haka
Haka	Haka of Recovery	-	Ongoing, Haka	-1 damage dealt to Haka. START PHASE Discard any number of cards. Haka regains X HP, where X is the number of cards discarded this way times 2. Then, destroy this card.	"I know not how you do what you do, my friend, but I cannot deny the power in your songs and chants."	The Argent Adept, Prime Wardens Vol. 1 #14	4	Core Game	Haka
Haka	Knock Heads	-	Ongoing	After this card is played, Haka deals up to 2 targets 2 melee damage each. -1 damage dealt by those targets. START PHASE Destroy this card.	"I could have sworn he was right here. How could such a huge man have escaped my sight?"	Desert Eagle, Freedom Five Annual #11	3	Core Game	Haka
Haka	Mere	-	Item, Limited	POWER: Haka deals 1 target 3 melee damage. Draw 1 card.	"This club is as much me as my fist or my leg. Let me show you!"	Haka, Battle Unending #1	3	Core Game	Haka
Haka	Rampage	-	One-Shot	Haka deals each non-Hero target 5 melee damage and each Hero target 2 melee damage. Whenever Haka destroys a target with this damage, draw 1 card.	"I share no love for these robotic nuisances... but that was a bit much."	Ra, Singularity #5	3	Core Game	Haka
Haka	Sudden Utu	-	Ongoing, Limited	REACTION: Haka deals the attacker 2 melee damage.	"You are not nearly as fearsome as your namesake."	Haka, Battle Unending #8	2	Core Game	Haka
Haka	Surge of Ihi	-	One-Shot	Haka deals 1 target 2 melee damage. Draw 2 cards.	"True might comes from faith. I cannot ignore your strength, large man. But do not think it enough!"	Fanatic, Tome of the Bizarre Vol. 2 #200	3	Core Game	Haka
Haka	Ta Moko	-	Ongoing, Limited	-1 damage dealt to Haka. DRAW PHASE You may draw 1 additional card this phase.	"These markings I wear on my face? I did them myself. With a sharp stick and snake venom. Your threats mean nothing to me."	Haka, Arcane Tales Vol. 1 #14	3	Core Game	Haka
Haka	Taiaha	-	Item, Limited	POWER: Haka deal up to 2 targets 3 melee damage each. START PHASE You may destroy 1 Ongoing card. If you do, destroy this card.	"Using the taiaha is all about balance. It also helps to be stronger than everyone else."	Haka, The Savage Haka #1	3	Core Game	Haka
Haka	Taonga Mana	-	Ongoing, Limited	After Haka destroys any non-Hero target, draw 1 card. START PHASE You may draw 3 cards. If you do, destroy this card.	"I have oft remarked upon your 'gentle giant' nature. I appreciate your ability to drop the 'gentle' part, at times."	Captain Cosmic, Prime Wardens Vol. 1 #160	2	Core Game	Haka
Haka	Tiaki Defender	-	Ongoing, Limited	Whenever an ally would be dealt damage by a non-Hero target, you may redirect that damage to Haka. START PHASE Destroy this card.	"You've always inspired me to be a better hero. And now I owe you my life as well. Thank you, old friend."	Legacy, Vengeance #5	3	Core Game	Haka
Legacy	Bolster Allies	-	One-Shot	Each Hero draws 1 card. 1 Hero other than you plays 1 card.	"We fight this day... for freedom!"	Legacy, Freedom Five Annual #8	3	Core Game	Legacy
Legacy	Bulletproof Skin	-	Ongoing, Limited	-1 damage dealt to Legacy.	"He told me everything would be fine as the gunmen opened fire. And the bullets just ricocheted right off him!"	An Innocent Bystander, Freedom Four #89	4	Core Game	Legacy
Legacy	Danger Sense	-	Ongoing, Limited	Legacy is immune to damage dealt by Environment targets. POWER: Bury 1 Environment target in play. Destroy this card.	"Too close! Too close for comfort."	Legacy, Justice Comics #98	2	Core Game	Legacy
Legacy	Dauntless Durability	-	Ongoing, Limited	Whenever Legacy would be dealt 5 or more damage, prevent that damage and destroy this card. When this card is destroyed, Legacy regains 2 HP.	"You have crushed and despoiled your way across the galaxy, but the people of Earth will not be so easily broken!"	Legacy, Justice Comics #261	3	Core Game	Legacy
Legacy	Flying Smash	-	One-Shot	Legacy deals up to 3 targets 3 melee damage each.	"As you can see, we are untouch-- what was that?"	Baron Blade, Moonfall #2	3	Core Game	Legacy
Legacy	Heroic Interception	-	Ongoing	After this card is played, Legacy deals himself 3 fixed melee damage. Your allies are immune to damage. START PHASE Destroy this card.	"Don't forget to calculate wind-speed and make sure you're approaching the projectile at the optimal angle to prevent-- Oh. He got it. OK."	Tachyon, Freedom Five Annual #12	2	Core Game	Legacy
Legacy	Inspiring Presence	-	Ongoing, Limited	After this card is played, each ally regains 1 HP. +1 damage dealt by ally characters.	"For freedom, for liberty, for justice... for America!"	Legacy, Legacy Independence Day Spectacular	3	Core Game	Legacy
Legacy	Keen Vision	-	Ongoing	POWER: Reveal and replace the top card of 1 deck. If that deck belongs to an ally, they may draw 1 card or use 1 power.	"The truest sight is not of what's coming up over the horizon, but what's deep inside a person."	Absolute Zero, Freedom Five #443	2	Core Game	Legacy
Legacy	Lead from the Front	-	Ongoing, Limited	Whenever an ally would be dealt damage by a Villain target, you may redirect that damage to Legacy.	"I'd much rather follow a leader than follow orders."	Bunker, Freedom Five #501	2	Core Game	Legacy
Legacy	The Legacy Ring	-	Item, Limited	POWER PHASE You may use 1 additional power this phase.	"And now, just like the ring says, you too will be furthering your father's legacy."	Legacy, America's Finest Legacy #499	3	Core Game	Legacy
Legacy	Motivational Charge	-	Ongoing, Limited	POWER: Legacy deals 1 target 3 melee damage. Then, each of your allies regains 1 HP.	"About time. I was even starting to miss your idea of jokes!"	The Wraith, Freedom Five #209	2	Core Game	Legacy
Legacy	The Ol' One-Two	-	One-Shot	Legacy deals 1 target 2 melee damage. Play 1 card.	"Square up, iron-chin! There's plenty of American spirit to go around!"	Legacy, Justice Comics #102	3	Core Game	Legacy
Legacy	Take Down	-	Ongoing, Limited	When a Villain card would be played, you may discard that card instead. If you do, the Villain target with the highest HP deals Legacy 2 energy damage. Then, destroy this card.	"Your injustices end here!"	Legacy, America's Finest Legacy #128	2	Core Game	Legacy
Legacy	"Thokk!"	-	One-Shot	Legacy deals 1 target 5 melee damage.	"It's like looking into a mirror... but you're a poor reflection of the real thing!"	Legacy, America's Finest Legacy #224	3	Core Game	Legacy
Legacy	A True Hero	-	One-Shot	Draw 2 cards. Each of your allies regains 1 HP.	"You all have what it takes to be a true hero, each and every day."	Legacy, Legacy Independence Day Spectacular	3	Core Game	Legacy
Ra	Blazing Barrier	-	Ongoing, Limited	REACTION: Ra deals the attacker 3 fire damage. Destroy this card.	"Do you think you can evaporate all of my form, puny little godling? Surely, your fire must run out eventually."	Calypso, Ra: God of the Sun #1	3	Core Game	Ra
Ra	By Flame Reformed!	-	One-Shot	Draw 1 card. Summon The Staff of Ra. You may play 1 card.	"From the fiery ether, return to me, my staff!"	Ra, Ra: God of the Sun #119	4	Core Game	Ra
Ra	Consuming Flame	-	One-Shot	Ra deals up to 3 targets 2 fire damage each. For each target destroyed by this damage, draw 1 card.	"Fools, all of you. You thought to take my throne. Now, I release you to eternity!"	Ra, War of Heliopolis #6	3	Core Game	Ra
Ra	Excavation	-	One-Shot	Bury up to 3 cards from the Environment Trash. Discover X Relic and/or Ongoing cards, where X is the number of cards buried this way.	"The Staff of Ra? Impossible! To have survived all these centuries..."	Dr. Blake Washington, Jr., Rebirth of Ra One-Shot	3	Core Game	Ra
Ra	Fiery Tornado	-	Ongoing, Limited	After you use any power, Ra deals 1 target 1 fire damage. START PHASE Either discard 2 cards or destroy this card. END PHASE Ra deals up to 3 targets 1 fire damage each.	"It is well to cleanse the land with holy flame. Though, your flame has a long way to go before it can be considered anything truly divine."	Fanatic, Absolution #53	2	Core Game	Ra
Ra	Fire Blast	-	One-Shot	Ra deals 1 target 5 fire damage.	"Not even worth my time."	Ra, Ra: God of the Sun #399	4	Core Game	Ra
Ra	Flame Spike	-	One-Shot	Ra deals 1 target 1 fire damage. You may use 1 power.	"It's the wasting curse of the underworld. You have to convince Anubis to help me, Professor."	Marty Adams, Arcane Tales Vol. 2 #46	2	Core Game	Ra
Ra	Flesh of the Sun God	-	Ongoing, Limited	Ra is immune to fire damage. POWER: Until your START PHASE, Hero characters are immune to fire damage.	"We shall see who holds the true ancient power of flame!"	Atum, Baptism By Fire #1	2	Core Game	Ra
Ra	Ignite	-	Ongoing, Limited	POWER: Ra deals 1 target 3 fire damage.	"Your magicks will not save you, witch. Burn!"	Ra, Ra: God of the Sun #71	3	Core Game	Ra
Ra	Inferno	-	One-Shot	Ra deals 1 target 3 fire damage. Ra deals each non-Hero target 1 fire damage each.	"Feel the all-engulfing might of the sun god!"	Ra, Ra: God of the Sun #139	3	Core Game	Ra
Ra	Living Conflagration	-	Ongoing, Limited	When this card is destroyed, Ra deals 1 target 3 fire damage and draws 2 cards. POWER: Destroy this card. START PHASE Ra deals up to 3 targets 1 fire damage each.	"Your ka and your ba, they burn brightly. You can surely part with some of the fire within you to regain the power of flame..."	Ammit, Ra: Horus of Two Horizons One-Shot	3	Core Game	Ra
Ra	Scorched Earth	-	One-Shot	Destroy 1 Environment card. Ra deals each non-Hero target 1 fire damage.	"The sands of the Sahara are glass in my wake!"	Ra, Tome of the Bizarre Vol. 2 #271	3	Core Game	Ra
Ra	Solar Flare	-	Ongoing	+2 damage dealt by Ra. START PHASE Either destroy this card or Ra deals himself 5 fixed psychic damage.	"As it happens, when you play with fire..."	Ra, Ra: God of the Sun #250	2	Core Game	Ra
Ra	The Staff of Ra	-	Item, Relic, Limited	+1 damage dealt by Ra. Whenever Ra would deal fire damage to a target, you may double the damage dealt after applying all other modifiers. After you do, destroy this card.	"With power from the ancients, I am Ra: god of the sun!"	Ra, Arcane Tales Vol. 1 #83	3	Core Game	Ra
Tachyon	Accelerated Assault	-	One-Shot	Tachyon deals each non-Hero target 1 melee damage.	"And you! And you! And you! And you! Whew! Did I forget anyone?"	Tachyon, Freedom Five #202	3	Core Game	Tachyon
Tachyon	Blinding Speed	-	One-Shot	Destroy 1 Ongoing card.	"My hero! We must stop meeting this way."	Dana Bertrand, Freedom Five #348	3	Core Game	Tachyon
Tachyon	Expedited Efficiency	-	One-Shot	Draw 1 card. Play up to 2 cards.	"... these readings are all over the place... an additional 23.5% should do it... going to have to test it in a frictionless environment... need to pick up pasta on the way home... if we could induce a myopic state... whew, what a busy morning!"	Tachyon, Freedom Five Annual #8	3	Core Game	Tachyon
Tachyon	Fleet of Foot	-	One-Shot	Each Hero may draw 1 card. You may play 1 card.	"You were always holding me back. Now, nothing can stop me!"	Friction, Lightspeed #3	4	Core Game	Tachyon
Tachyon	HUD Goggles	-	Item, Limited	Damage dealt by Tachyon is irreducible. PLAY PHASE You may play 1 additional card this phase.	"Diagnostic info, streaming updates from the team, plus it keeps the bugs out of my eyes at Mach 8."	Tachyon, Science & Progress One-Shot	3	Core Game	Tachyon
Tachyon	Hypersonic Dash	-	Ongoing	After this card is played, Tachyon deals each non-Hero target 1 sonic damage. Targets dealt damage this way cannot deal damage. START PHASE Destroy this card.	"Sparks! Is there a way to do that without the painfully loud noise?"	Unity, Freedom Five Annual #11	2	Core Game	Tachyon
Tachyon	Lightspeed Barrage	-	One-Shot	Tachyon deals 1 target X melee damage, where X is the number of cards in your trash. Shuffle your trash into your deck.	"10 seconds ago, I was in a different time zone. Guess how many times I'm going to hit you in the next 10 seconds."	Tachyon, Freedom Five #540	3	Core Game	Tachyon
Tachyon	Nimble Strike	-	One-Shot	Tachyon deals 1 target 2 melee damage. You may draw 1 card.	"Nothing like a little percussive investigation!"	Tachyon, Freedom Five #271	4	Core Game	Tachyon
Tachyon	Pushing the Limits	-	Ongoing, Limited	POWER: Tachyon deals 1 target 3 melee damage. Destroy this card. START PHASE Tachyon deals herself 2 fixed fire damage. PLAY PHASE You may play 1 additional card this phase. DRAW PHASE You may draw 1 additional card this phase.	"If she keeps going at such impossible speeds, she might destroy herself... she might destroy us all!"	Legacy, Freedom Four #98	3	Core Game	Tachyon
Tachyon	Quick Insight	-	One-Shot	Draw 3 cards. Discard 2 cards.	"Hmm hmm hmm... I hate to say it, but I'm impressed."	Tachyon, Freedom Five #306	3	Core Game	Tachyon
Tachyon	Research Grant	-	Ongoing	POWER: Draw up to 3 cards. Then, discard 1 card.	"Doc's still in the lab. Been in there for days. Hardly even comes out to eat or sleep. I've never seen her happier."	Absolute Zero, Freedom Five #294	2	Core Game	Tachyon
Tachyon	Sonic Vortex	-	One-Shot	Tachyon deals up to X targets 3 sonic damage each, where X is the number of cards in your trash.	"When she gets all serious and no-nonsense, her intensity is actually kinda scary."	The Wraith, Freedom Five #336	2	Core Game	Tachyon
Tachyon	Sucker Punch	-	One-Shot	Tachyon deals 1 target 1 melee damage. Then, if that target has 2 or fewer HP, destroy that target.	"Thought you had me, didn't you?"	Tachyon, Mystery Comics Vol 2 #446	2	Core Game	Tachyon
Tachyon	Synaptic Interrupt	-	Ongoing, Limited	REACTION: Draw 1 card or play 1 card. If you play a card this way, destroy this card.	"Hey! Careful where you point that thing!"	Bunker, Freedom Four Annual #1	3	Core Game	Tachyon
Tempest	Alien Weather Patterns	-	One-Shot	You may shuffle your trash into your deck. Discover 3 Weather cards.	"These skies are so different from Dok'Thorath. Are they like or unlike those from your-- ah, er. Oh... I am sorry."	Sky-Scraper, Cosmic Tales Vol. 2 #284	3	Core Game	Tempest
Tempest	Atlantean StormBlade	-	Item, Relic, Limited	After any Weather card is destroyed, Tempest deals 1 target 1 lightning damage. POWER: Tempest deals 1 target 3 irreducible lightning damage. Then, destroy 1 Weather card.	"You too have found power beyond what we brought from Vognild Prime. There is strength in this place... strength ripe for our taking!"	Leviathan, Cosmic Tales Vol. 2 #512	3	Core Game	Tempest
Tempest	Ball Lightning	-	One-Shot	You may destroy 1 Ongoing card. Tempest deals 1 target 3 lightning damage.	"The polarizing power of electricity can produce many interesting results."	Tempest, Prime Wardens Vol. 1 #190	3	Core Game	Tempest
Tempest	Chain Lightning	-	One-Shot	Discover 1 Weather card. Tempest deals up to X targets 3 lightning damage each, where X is the number of Weather cards in play plus 1.	"I will let nothing stop me from saving as many Maerynians as I can find. And you're in my way."	Tempest, Cosmic Tales Vol. 2 #36	3	Core Game	Tempest
Tempest	Displaced Ambassador	-	One-Shot	Reveal the top card of each Hero deck. Replace any non-Item cards revealed this way. Play any Item cards revealed this way. Each Hero draws 1 card.	"Welcome to this planet we call Earth. It is an honor to meet you, Mr. Dalton."	Legacy, Stranger in a Strange World #3	3	Core Game	Tempest
Tempest	Electrical Storm	-	Ongoing, Weather, Limited	+1 lightning damage dealt by Tempest. START PHASE Tempest deals up to 3 targets 1 lightning damage each. Either discard 1 card or destroy this card.	"Your circuits are live with electricity. Surely they won't mind a bit more!"	Tempest, Freedom Five #307	3	Core Game	Tempest
Tempest	Flash Flood Warning	-	Ongoing, Weather, Limited	START PHASE Destroy up to 2 Environment cards. If you destroy any Environment cards this way, destroy this card.	"Keep your heads up, chaps! We'll all be burnt to a crisp if there's not some form of timely intervention!"	Captain Cosmic, Cosmic Tales Vol. 2 #29	2	Core Game	Tempest
Tempest	Gift of Val'Maera	-	Ongoing, Weather, Limited	POWER: Each Hero character regains 2 HP.	"This rain restores more than the body. This must be the energy you spoke of, friend!"	Haka, Prime Wardens Vol. 1 #5	2	Core Game	Tempest
Tempest	Grievous Hailstorm	-	Ongoing, Weather, Limited	POWER: Tempest deals each non-Hero target 2 cold damage.	"All ships, reverse thrusters, full power! Get us out of this accursed atmosphere!"	Grand Warlord Voss, Cosmic Tales Vol. 1 300	2	Core Game	Tempest
Tempest	Lightning Slash	-	One-Shot	Discover 1 Weather card. Tempest deals 1 target X lightning damage, where X is the number of Weather cards in play plus 1.	"Never again! You and your kind will never descend upon another world to pick it clean. Your campaign of terror ends here!"	Tempest, Prime Wardens Vol. 1 #15	3	Core Game	Tempest
Tempest	Localized Hurricane	-	Ongoing, Weather, Limited	START PHASE Tempest deals up to 4 targets 3 projectile damage each. END PHASE Either destroy this card or Tempest deals the 2 Hero targets with the highest HP 1 fixed projectile damage each.	"The eye of the storm is a place of great power, and of great risk."	The Argent Adept, Prime Wardens Vol. 2 #13	2	Core Game	Tempest
Tempest	Maerynian Aquaculturist	-	Ongoing, Limited	After you play any Weather card, you may draw 1 card. POWER: Reveal the top card of the Environment deck. Replace it or discard it. Draw 1 card.	"The coral that grows in the oceans of this planet can be convinced to form structures of impressive size."	Tempest, Cosmic Tales Vol. 2 #499	2	Core Game	Tempest
Tempest	Reclaim From the Deep	-	One-Shot	Each Hero may salvage 1 Ongoing or Item card. Collect 1 Ongoing or Item card.	"This blade is aligned with the latent energy housed in the air itself. I could use it as a focus for my lightning. In fact, I'll do just that."	Tempest, Prime Wardens Vol. 2 #2	2	Core Game	Tempest
Tempest	Rolling Fog	-	Ongoing, Weather, Limited	START PHASE Either discard 1 card or destroy this card. END PHASE Destroy up to 2 targets with 2 or fewer HP. Draw 1 card for each target destroyed this way.	"They are the hunters of men. Bloodsuckers. Fiends. They will not expect to become the hunted."	Fanatic, Prime Wardens Vol. 1 #71	2	Core Game	Tempest
Tempest	Shielding Winds	-	Ongoing, Weather, Limited	-X damage dealt to Hero targets, where X is the number of Weather cards in play. START PHASE Destroy this card.	"Effective. Not the sort of shielding I have any experience with, but don't consider that a complaint."	The Visionary, Prime Wardens Vol. 1 #21	2	Core Game	Tempest
Tempest	Thunderclap	-	Ongoing, Weather	After this card is played, Tempest deals 1 target 3 lightning damage. When this card is destroyed, Tempest deals up to 3 targets 2 sonic damage each. START PHASE You may destroy this card.	"Thorathian soldiers are all the same. Trained to be weapons, but not particularly bright ones."	Tempest, Thorathian War One-Shot	3	Core Game	Tempest
Unity	Arsenal Bot	9	Mechanical Golem	This card cannot be played during your PLAY PHASE. END PHASE This card deals up to 2 targets 2 projectile damage each.	"BUDDA BUDDA BUDDA."	Arsenal Bot, Freedom Five Annual #12	1	Core Game	Unity
Unity	Bee Bot	1	Mechanical Golem	This card cannot be played during your PLAY PHASE. When this card is destroyed, you may destroy 1 Ongoing card. Then, Unity deals 1 target 2 projectile damage.	"I know it's more like a hornet, Dr. Boring, but Bee Bot is more fun to say!"	Unity, Freedom Five Annual #20	3	Core Game	Unity
Unity	Brainstorm	-	One-Shot	Draw 3 cards. Unity deals up to 3 targets 1 lightning damage each.	"The stuff I make up is way better than most actual facts."	Unity, Cosmic Tales Vol. 2 #371	2	Core Game	Unity
Unity	Champion Bot	8	Mechanical Golem	This card cannot be played during your PLAY PHASE. +1 damage dealt by Unity and Mechanical Golem cards.	"Let's go save the world, Champion Bot!"	Unity, Freedom Five Annual #12	1	Core Game	Unity
Unity	Construction Pylon	-	Item	POWER: Play up to 2 Mechanical Golem cards. Then, destroy this card.	"See, you can do anything that you put your mind to! Quite literally in your case!"	Tachyon, Freedom Five #489	3	Core Game	Unity
Unity	Cryo Bot	7	Mechanical Golem	This card cannot be played during your PLAY PHASE. After this card is dealt fire damage, it deals 1 target that much cold damage. END PHASE This card deals up to 3 targets 1 cold damage each.	"Don't be sad, Cryo Bot! Everyone loves you!"	Unity, Freedom Five Annual #12	1	Core Game	Unity
Unity	Flash Forge	-	Ongoing, Limited	POWER: Unity deals herself 1 fixed psychic damage. Each Mechanical Golem card regains 1 HP. Either discover 1 Mechanical Golem card or discover 1 Item card.	"Eek! I need some help here! Time to make a new friend!"	Unity, Freedom Five Annual #20	2	Core Game	Unity
Unity	Hasty Augmentation	-	One-Shot	1 Hero may use 1 power. +2 to damage dealt by that Hero with that power.	"Hey! Direct control of targeting? Now that's what I'm talking about!	Benchmark, Revocorp Presents #35	2	Core Game	Unity
Unity	Inspired Repair	-	One-Shot	Draw 1 card. Each Mechanical Golem card regains 3 HP. Play 1 card.	"You call them your friends, but you are enslaving living metal for your purposes! Cease your-- Hey, wait. Stop that. Stop fixing them!"	Chokepoint, Freedom Five #773	3	Core Game	Unity
Unity	Modular Workbench	-	Item, Limited	POWER: Play 1 card. If that card is not a Mechanical Golem card, draw 1 card.	"Of course I built it myself! I mean, Tacky helped... but still!"	Unity, Science & Progress One-Shot	3	Core Game	Unity
Unity	Platform Bot	3	Mechanical Golem	This card cannot be played during your PLAY PHASE. -1 damage dealt to this card. END PHASE This card deals 1 target 3 energy damage.	"Pew pew! Lasers! Just like the real thing, right?"	Unity, Freedom Five #792	3	Core Game	Unity
Unity	Powered Shock Wave	-	One-Shot	Unity deals each non-Hero target X lightning damage, where X is the number of Mechanical Golem cards in play.	"Argh! That actually hurt me! You can make lightning, too? Not fair!"	Radioactivist, Freedom Five #498	2	Core Game	Unity
Unity	Raptor Bot	2	Mechanical Golem	This card cannot be played during your PLAY PHASE. END PHASE This card deals 1 target X melee damage, where X is the number of Mechanical Golem cards in play.	"Hi there, Mr. Chomps! Where are all your friends?"	Unity, Freedom Five #568	3	Core Game	Unity
Unity	Robot Reclamation	-	One-Shot	Salvage up to 3 Mechanical Golem cards.	"Inquiry: With focus and motivation, could your capabilities extend to altering my form?"	Omnitron-X, Freedom Five #697	2	Core Game	Unity
Unity	Scrap Metal	-	Item	After any Mechanical Golem card is destroyed, you may put it in your hand. If you do, destroy this card. START PHASE You may play 1 card. If you do, destroy this card.	"Yeah, you're right, Champ. It's been a long day."	Unity, Freedom Five #505	2	Core Game	Unity
Unity	Stealth Bot	5	Mechanical Golem	This card cannot be played during your PLAY PHASE. -1 damage dealt to this card. Whenever Unity or a Mechanical Golem card would be dealt damage, you may redirect it to this card.	"So sneaky! Go get 'em!"	Unity, Freedom Five Annual #12	1	Core Game	Unity
Unity	Supply Crate	-	Item	After this card is played, draw 1 card. START PHASE You may draw 2 cards. If you do, destroy this card.	"Don't mind me. Gotta bring in just a few boxes of, uh, important metal... things."	Unity, Freedom Five Annual #11	3	Core Game	Unity
Unity	Swift Bot	6	Mechanical Golem	This card cannot be played during your PLAY PHASE. PLAY PHASE You may play 1 additional card this phase. DRAW PHASE You may draw 1 additional card this phase.	"I am uptight about science and hate explosions in the lab."	Swift Bot, Freedom Five Annual #12	1	Core Game	Unity
Unity	Volatile Parts	-	Item	After any Mechanical Golem card is destroyed, Unity deals the non-Hero target with the lowest HP 2 fire damage.	"What? Don't look at me that way! Look, I can always rebuild you."	Unity, Freedom Five #685	2	Core Game	Unity
The Wraith	Abduct and Interrogate	-	One-Shot	The Wraith deals 1 non-Hero target 1 toxic damage. If that target is destroyed, reveal the top card of each deck. You may discard any revealed cards. Play the other revealed cards.	"If we're being completely honest, I would rather you didn't tell me how you got this information."	Legacy, Freedom Five #364	2	Core Game	Wraith, The
The Wraith	Combat Prowess	-	Ongoing, Limited	REACTION: -2 to the damage The Wraith would be dealt. If The Wraith takes no damage as a result, you may play 1 card.	"For someone with such... shoddy form, you know your way around a fight."	Mr. Fixer, Rook City Renegades #153	2	Core Game	Wraith, The
The Wraith	Flashbang Projector	-	Item, Limited	POWER: Put 1 non-character Villain target in play back on top of the Villain deck. Destroy this card.	"I used similar technology in the Army for infiltration and extractions. Worse, but similar."	Bunker, Justice Comics #570	2	Core Game	Wraith, The
The Wraith	Grappling Hook	-	One-Shot	Destroy 1 Ongoing card. You may draw 1 card or play 1 card.	"Silent, unexpected... What can I say? I like to travel in style."	The Wraith, Mystery Comics Vol. 2 #207	4	Core Game	Wraith, The
The Wraith	Impromptu Invention	-	One-Shot	Draw 1 card. Discover 1 Item card. You may play 1 card.	"This... wasn't at all what I intended to build."	The Wraith, Science & Progress One-Shot	4	Core Game	Wraith, The
The Wraith	Infrared Eyepiece	-	Item, Limited	POWER: Reveal the top card of the Villain deck. Replace it or discard it. Then, draw 1 card.	"Hunting your prey through walls... It almost feels like cheating. Almost."	The Wraith, Mystery Comics Vol. 2 #94	2	Core Game	Wraith, The
The Wraith	Inventory Barrage	-	One-Shot	Discard any number of Item cards. The Wraith deals 1 target X projectile damage, where X is the number of cards discarded this way times 2.	"Don't like getting pelted with sharp objects? You're not going to enjoy the next few moments."	The Wraith, Mystery Comics Vol. 2 #89	2	Core Game	Wraith, The
The Wraith	Leverage	-	One-Shot	Draw 4 cards. Collect 1 card.	"I have to say, I'm surprised at how easy to talk to you are! I feel like I've known you my whole life."	Mark Benedetto, Rook City Renegades #72	4	Core Game	Wraith, The
The Wraith	Micro Targeting Computer	-	Item, Limited	+2 projectile damage dealt by The Wraith.	"Weather reports, a stock ticker, seamless connectivity to the World Wide Web... and yes, it also makes it easier to shoot the bad guys."	Tachyon, Freedom Five #685	2	Core Game	Wraith, The
The Wraith	Razor Ordnance	-	Item, Limited	POWER: The Wraith deals 1 target 3 projectile damage.	"These nano-polymerized blades can cut through that robot's plating, provided I get just the right angle!"	The Wraith, Freedom Five #305	2	Core Game	Wraith, The
The Wraith	Smoke Bombs	-	Item, Limited	-1 damage dealt to Hero targets. +1 damage dealt by The Wraith. START PHASE Destroy this card.	"You think some smoke can stop me? You can't hide from me. I've got you right where I want you!"	Maniac Jack, Mystery Comics Vol. 1 #179	2	Core Game	Wraith, The
The Wraith	Sonic Neutralizer	-	Item, Limited	POWER: Select 1 Environment card in play. Until your START PHASE, that card has no game text.	"Cover your ears! My sonic stopper is effective, but it doesn't pick and choose who can hear it!"	The Wraith, Mystery Comics Vol. 1 #148	2	Core Game	Wraith, The
The Wraith	Stun Bolt	-	Item, Limited	POWER: The Wraith deals 1 target 1 lightning damage. Until your START PHASE, -1 damage dealt by that target.	"For once, I thought I had her. I thought she was finally out of tricks. But she never did play fair."	Ermine, Mystery Comics Vol 1 #319	2	Core Game	Wraith, The
The Wraith	Suture Self	-	One-Shot	The Wraith regains 2 HP. Salvage 1 Item card.	"Just another day in paradise."	The Wraith, A Day in the Life: The Wraith	3	Core Game	Wraith, The
The Wraith	Throwing Knives	-	Item, Limited	POWER: The Wraith deals up to 3 targets 1 projectile damage each.	"I thought I was cold, but you're downright merciless!"	Absolute Zero, Freedom Five #540	2	Core Game	Wraith, The
The Wraith	Utility Belt	-	Item, Limited	POWER: Either draw 2 cards or play 1 Item card. POWER PHASE You may use 1 additional power this phase.	"Being prepared is all about having the right tool for the job."	The Wraith, Mystery Comics Vol 1 #27	3	Core Game	Wraith, The